{
  "scale": {
    "status": "complete",
    "expected_condition_rows": 221760,
    "actual_condition_rows": 221760,
    "represented_trial_evaluations": 581188608000,
    "figures": [
      "task_phase_stale_memory_map.pdf",
      "policy_stress_lifecycle_heatmap.pdf",
      "accuracy_vs_stale_error.pdf",
      "boundary_f1_vs_switch_accuracy.pdf",
      "retention_reset_tradeoff.pdf",
      "force_overshoot_stress.pdf"
    ],
    "tables": [
      "table_scale.tex",
      "table_main_performance.tex",
      "table_reset_summary.tex",
      "table_stress_summary.tex",
      "table_sensor_summary.tex",
      "table_task_summary.tex",
      "table_phase_summary.tex",
      "table_boundary_corruption_summary.tex",
      "table_negative_controls.tex",
      "table_v2_reconciliation.tex"
    ]
  },
  "main_performance": {
    "flat_transformer": {
      "name": "flat_transformer",
      "count": 22176,
      "overall_accuracy": 0.8036645830261037,
      "switch_accuracy": 0.6131993707387798,
      "stale_memory_error": 0.525299422412403,
      "missed_reset_rate": 0.42426932717430665,
      "false_reset_rate": 0.08417576665615846,
      "boundary_f1": 0.0808471168831167,
      "retention_calibration": 0.9254875450537425,
      "sequence_success": 0.6453384871886336,
      "force_overshoot": 0.22848790388133527,
      "lifecycle_score": 0.4542660053479033
    },
    "full_trace_attention": {
      "name": "full_trace_attention",
      "count": 22176,
      "overall_accuracy": 0.8082815210683854,
      "switch_accuracy": 0.6117889888617135,
      "stale_memory_error": 0.5341052851766579,
      "missed_reset_rate": 0.41927518993855917,
      "false_reset_rate": 0.08417811176186063,
      "boundary_f1": 0.09524711688311682,
      "retention_calibration": 0.94068705833367,
      "sequence_success": 0.6435115174666649,
      "force_overshoot": 0.2309990116715717,
      "lifecycle_score": 0.4576064404517364
    },
    "exponential_decay": {
      "name": "exponential_decay",
      "count": 22176,
      "overall_accuracy": 0.8418416539576934,
      "switch_accuracy": 0.771408923078232,
      "stale_memory_error": 0.31173519533011645,
      "missed_reset_rate": 0.2265851486120649,
      "false_reset_rate": 0.18406912941936537,
      "boundary_f1": 0.7261405776762306,
      "retention_calibration": 0.8473477287652738,
      "sequence_success": 0.7403038727704591,
      "force_overshoot": 0.1424283254547226,
      "lifecycle_score": 0.6474342184741895
    },
    "gru_memory": {
      "name": "gru_memory",
      "count": 22176,
      "overall_accuracy": 0.8542514665653932,
      "switch_accuracy": 0.7840051396831574,
      "stale_memory_error": 0.3029120653421025,
      "missed_reset_rate": 0.2189850526108749,
      "false_reset_rate": 0.1829898831677691,
      "boundary_f1": 0.7327581429456409,
      "retention_calibration": 0.8784518078833452,
      "sequence_success": 0.7486370291268004,
      "force_overshoot": 0.1378677031655472,
      "lifecycle_score": 0.662372758723745
    },
    "learned_forget_gate": {
      "name": "learned_forget_gate",
      "count": 22176,
      "overall_accuracy": 0.8774180206314689,
      "switch_accuracy": 0.865027239394456,
      "stale_memory_error": 0.2136497484309648,
      "missed_reset_rate": 0.17775444325065812,
      "false_reset_rate": 0.17542788747267574,
      "boundary_f1": 0.7790165201137436,
      "retention_calibration": 0.8801818830769407,
      "sequence_success": 0.7952940564673101,
      "force_overshoot": 0.10256431489318192,
      "lifecycle_score": 0.7237129738338653
    },
    "hard_regime_reset": {
      "name": "hard_regime_reset",
      "count": 22176,
      "overall_accuracy": 0.8740023558323397,
      "switch_accuracy": 0.8963527094882766,
      "stale_memory_error": 0.167079356208194,
      "missed_reset_rate": 0.15134149092231314,
      "false_reset_rate": 0.17110793824820517,
      "boundary_f1": 0.8054328326088032,
      "retention_calibration": 0.8269988144397667,
      "sequence_success": 0.7960806139889011,
      "force_overshoot": 0.1051722191605819,
      "lifecycle_score": 0.7392313074192121
    },
    "hysteresis_reset": {
      "name": "hysteresis_reset",
      "count": 22176,
      "overall_accuracy": 0.8779462524838285,
      "switch_accuracy": 0.8946775083665218,
      "stale_memory_error": 0.176507851612219,
      "missed_reset_rate": 0.16148258656172512,
      "false_reset_rate": 0.17254883909801547,
      "boundary_f1": 0.796633243427976,
      "retention_calibration": 0.8521929738435956,
      "sequence_success": 0.8078526924744495,
      "force_overshoot": 0.09267506982248996,
      "lifecycle_score": 0.7408110652995819
    },
    "noisy_boundary_reset": {
      "name": "noisy_boundary_reset",
      "count": 22176,
      "overall_accuracy": 0.868336868047042,
      "switch_accuracy": 0.8650704331759432,
      "stale_memory_error": 0.20567701683410522,
      "missed_reset_rate": 0.17269368975265662,
      "false_reset_rate": 0.17470994263553094,
      "boundary_f1": 0.7834296014094535,
      "retention_calibration": 0.8415842716826979,
      "sequence_success": 0.7867982975515709,
      "force_overshoot": 0.10978369030760056,
      "lifecycle_score": 0.7178412036875526
    },
    "learned_reset_classifier": {
      "name": "learned_reset_classifier",
      "count": 22176,
      "overall_accuracy": 0.8796893242914092,
      "switch_accuracy": 0.8870697185566339,
      "stale_memory_error": 0.18637559499291087,
      "missed_reset_rate": 0.16655110250145394,
      "false_reset_rate": 0.17326860323263696,
      "boundary_f1": 0.7922296971637645,
      "retention_calibration": 0.8639902085465206,
      "sequence_success": 0.8062034657146341,
      "force_overshoot": 0.09382559630984044,
      "lifecycle_score": 0.7376883228268454
    },
    "oracle_lifecycle_memory": {
      "name": "oracle_lifecycle_memory",
      "count": 22176,
      "overall_accuracy": 0.9045333237896517,
      "switch_accuracy": 0.9624541172408422,
      "stale_memory_error": 0.10915392957799187,
      "missed_reset_rate": 0.13760925330176282,
      "false_reset_rate": 0.16859001980232796,
      "boundary_f1": 0.8208449074692042,
      "retention_calibration": 0.8909082647141776,
      "sequence_success": 0.8587355486360054,
      "force_overshoot": 0.051660679367724276,
      "lifecycle_score": 0.7958885627523056
    }
  },
  "regime_summary": {
    "stable_memory_control": {
      "name": "stable_memory_control",
      "count": 7040,
      "overall_accuracy": 0.8763676913156858,
      "switch_accuracy": 0.8445698023664076,
      "stale_memory_error": 0.22125353528329936,
      "missed_reset_rate": 0.1914610352699033,
      "false_reset_rate": 0.15028288109752333,
      "boundary_f1": 0.6655658218305008,
      "retention_calibration": 0.9114511541331024,
      "sequence_success": 0.790037647468969,
      "force_overshoot": 0.10992837319338788,
      "lifecycle_score": 0.7047507069841202
    },
    "lifecycle_required": {
      "name": "lifecycle_required",
      "count": 142560,
      "overall_accuracy": 0.8586253158988219,
      "switch_accuracy": 0.8117566582902987,
      "stale_memory_error": 0.27533908052673767,
      "missed_reset_rate": 0.2315786280457694,
      "false_reset_rate": 0.15617473988251943,
      "boundary_f1": 0.6377037697091897,
      "retention_calibration": 0.8733986932236276,
      "sequence_success": 0.761190715964289,
      "force_overshoot": 0.13012585847802308,
      "lifecycle_score": 0.665151830155907
    },
    "mixed_contact": {
      "name": "mixed_contact",
      "count": 72160,
      "overall_accuracy": 0.8580351781724073,
      "switch_accuracy": 0.8188466766143058,
      "stale_memory_error": 0.2741942245552126,
      "missed_reset_rate": 0.21728738471964534,
      "false_reset_rate": 0.1596133579501608,
      "boundary_f1": 0.6459082024184083,
      "retention_calibration": 0.8739406400544757,
      "sequence_success": 0.763554188840838,